goodsname,goodsprice
삼양)NEW짜장불닭볶음면(대컵),1600
돌)망고컵198G,2700
돌)복숭아컵198G,2700
돌)파인애플컵198G,2700
허쉬)가나슈녹차파인트474ML,10900
허쉬)가나슈딸기파인트474ML,10900
허쉬)가나슈바나나파인트474ML,10900
허쉬)가나슈바닐라파인트474ML,10900
허쉬)가나슈초코파인트474ML,10900
하림)닭가슴살리얼바블랙페퍼80G,2000
하림)닭가슴살리얼바오리지널80G,2000
고품격)매콤갈매기살300G(냉동),9900
고품격)안창살구이300G(냉동),9900
고품격)언양식소불고기300G(냉동,9900
고품격)토시살구이300G(냉동),9900
고품격)허브항정살300G(냉동),9900
황태리1번지30G,4900
납딱한오다리25G,3800
대구노가리30G,3800
도톰한오징어25G,3800
서울)검은콩우유블랙300ML,1650
서울)딸기우유300ML,1650
서울)바나나우유300ML,1650
서울)초코우유300ML,1650
서울)커피우유300ML,1650
매일)어메이징오트언스위트190ML,1200
매일)어메이징오트오리지널190ML,1200
빙그레)더단백드링크초코250ML,2500
빙그레)더단백카라멜250ML,2500
유어스(P)공화춘짬뽕육즙만두,3700
광동)비타500캔240ML,1500
광동)비타500피지라임250ML,1500
롯데)더하다보리차500ML,2000
롯데)더하다옥수수수염차500ML,2000
롯데)솔의눈500ML,2000
삼립)매콤불고기부리또,2800
삼립)불고기치즈부리또,2800
삼립)슈퍼슈프림치즈부리또,2800
브레디크)딸기붓세,1500
브레디크)무화과호두휘낭시에,1300
브레디크)버터스콘,1500
브레디크)브라우니와플,1600
브레디크)이즈니버터휘낭시에,1300
브레디크)치즈맛붓세,1500
삼립)잼있는딸기쿠키,1000
삼립)잼있는사과쿠키,1000
삼립)오븐카카오파운드,1200
삼립)초코블랑,1200
삼립)방앗간찹쌀떡,1500
유어스(P)모찌롤(Kiri크림치즈),3500
유어스)모찌롤(맘모스),3500
유어스)모찌롤(초코),3200
유어스)모찌롤(티라미수),3500
유어스)모찌롤(플레인),3000
유어스)허쉬쿠앤크모찌롤,3500
당근꿀맛고구마말랭이60G(봉),3900
순수고구마(130G/진공포장),3000
흥선)초코콘바이츠96G,2500
레쓰비)카페타임아메리카노240ML,1200
레쓰비)카페타임헤이즐넛240ML,1200
롯데)칠성사이다복숭아500ML,2200
롯데)칠성사이다제로500ML,2200
롯데)칠성사이다캔355ML,1900
동원)양반현미밥130G,1600
동원)양반흑미밥130G,1600
켈)프로틴그래놀라바고소한맛35G,1800
켈)프로틴그래놀라바사과맛30G,1800
켈로그)베리앤넛에너지바1400,1400
켈로그)프로틴바30G,1400
켈로그)첵스초코오리지널,1200
켈로그)크런치넛에너지바1200,1200
이디야)돌체콜드브루300ML,2700
이디야)바닐라라떼300ML,2700
이디야)쇼콜라모카300ML,2700
이디야)카페라떼300ML,2700
이디야)토피넛시그니처라떼300ML,2700
리치)치즈킬바사후랑크90G,2000
리치)킬바사후랑크90G,2000
코코)뽀로로한입약과120G,2000
강철부대2)아이온블루워터500ML,1900
강철부대2)아이온워터500ML,1900
종근당)락토조이제로워터350ML,2000
오뚜기)라면볶이(대컵),1500
오뚜기)마요짜장볶이(대컵),1500
오뚜기)스파게티(대컵),1500
오뚜기)치즈볶이(대컵),1500
농심)신볶게티큰사발,1600
농심)앵그리짜파구리큰사발,1600
카카오넛츠아몬드25G,1800
카카오넛츠호두25G,1800
롯데)빠다코코낫1700,1700
롯데)샌드오리지날1700,1700
롯데)제크가나초코샌드74G,1700
롯데)제크오리지날1700,1700
홈위드)크런치아몬드쿠키,1500
홈위드)크런치초코쿠키,1500
풀무원)리코타고구마샐러드,2700
풀무원)에그베이컨감자샐러드,2700
풀무원)홍게살콘샐러드,2700
동원)보성홍차아이스티레몬500,2200
동원)보성홍차아이스티복숭아500,2200
동원)보성녹차PET350ML,1200
켈로그)아몬드컵시리얼30G,1700
켈로그)첵스초코컵시리얼30G,1700
켈로그)콘푸로스트30G,1700
켈로그)후루트링컵시리얼30G,1700
세아)구운아귀꼬리포2입,5900
세아)리얼다크캐슈넛40G,2500
세아)체다치즈캐슈넛,2500
코주부)의성마늘육포40G,4200
코주부)해남고구마육포40G,4200
길림)허니버터땅콩앤오징어50G,5900
길림)구운양파아몬드30G,2000
길림)군옥수수맛아몬드40G,2000
길림)김맛아몬드40G,2000
길림)마늘빵아몬드40G,2000
길림)와사비맛아몬드40G,2000
길림)인절미아몬드40G,2000
길림)청양마요아몬드40G,2000
길림)카라멜솔티드아몬드40G,2000
길림)쿠키앤크림아몬드40G,2000
길림)허니버터아몬드40G,2000
길림)흑임자아몬드40G,2000
농심)사천짜파게티큰사발,1700
농심)신라면블랙두부김치(대컵),1700
농심)짜파게티큰사발,1250
오뚜기)순후추라면매운맛(대컵),1800
오뚜기)진짬뽕(대컵),1800
오뚜기)후추라면사골곰탕(대컵),1800
담터)생강차원컵,1500
담터)쌍화차(원컵),1500
유동)골뱅이140G,6500
유동)번데기가미130G,2200
맥널티)고구마라떼원컵,1500
맥널티)제주말차라떼원컵,1500
이디야)비니스트미니오리지널,2700
이디야)비니스트스페셜10입,2700
티젠)콤부차(피치)10입,7500
네스카페)수프리모아메리카노20,4700
네스카페)수프리모믹스20입,4900
녹차원)단호박마차원컵,1500
녹차원)통곡물마차원컵,1500
녹차원)통곡물율무차원컵,1500
맥심)카누라떼10입,5000
맥심)화이트골드원컵,1100
정화)바베큐조미오징어54G,4500
정화)일품오징어70G,6300
정화)노래방왕다리오징어65G,5200
정화)버터왕오징어구이50G,5500
서울)뻥이요츄1500,1500
씨알로)스포츠파워바43G,1500
씨알로)식물성단백질바43G,1500
삼양)로제불닭떡볶이183G,3500
자연)콤파스캔디(레몬)3000,3000
자연)콤파스캔디(피치)3000,3000
하이츄딸기맛,800
하이츄포도맛,800
로아카)다크초콜릿2500,2500
로아카)밀크초콜릿2500,2500
로아카)화이트초콜릿2500,2500
서주)비밀젤리1500,1500
서주)톡한입베어달고나맛2500,2500
서주)톡한입베어꿀젤리허니레몬,3000
서주)톡한입베어복숭아맛3000,3000
서주)톡한입베어콜라맛3000,3000
서주)톡한입베어포도맛3000,3000
서주)탱글탱글젤리(샤인머스켓),2000
서주)탱글탱글젤리(포도)2000,2000
크라운)마이쮸(딸기)800,800
크라운)마이쮸(복숭아)800,800
크라운)마이쮸(사과)800,800
크라운)마이쮸(포도)800,800
크라운)땅콩카라멜2000,2000
크라운)핑크퐁새콤달콤5000,5000
크라운)키커바1000,1000
크라운)키커바시리얼1000,1000
크라운)고단백질초코바1500,1500
에이스)흑당솔티드카라멜1200,1200
에이스)라인초코크런치1000,1000
하늘)치즈오레초코볼3000,3000
일신)군고구마초코볼1800,1800
일신)쥬시드랍블라스트1500,1500
일신)트리플파워푸쉬팝레드3000,3000
리콜라)레몬민트1500,1500
리콜라)크랜베리1500,1500
오리온)사워꿈틀이1000,1000
오리온)젤리데이포도복숭아1000,1000
오리온)와우소다껌500,500
오리온)와우톡톡콜라껌500,500
오리온)와우포도껌500,500
오리온)미쯔볼쿠키앤크림1200,1200
오리온)닥터유단백질볼1500,1500
페레로)킨더부에노1500,1500
허쉬)밀크더즈2800,2800
미성)거봉젤리5000,5000
삼경)하리보메가룰렛1100,1100
삼경)하리보메가룰렛사우어1100,1100
갓생기획)노티드슈가베어젤리54G,1200
롯데)허쉬오버로드1500,1500
허쉬)밀크초콜릿1500,1500
허쉬)아몬드초콜릿1500,1500
허쉬)쿠키앤초코초콜릿1500,1500
허쉬)쿠키앤크림초콜릿1500,1500
롯데)더블크런치쿠키앤크림1000,1000
롯데)크런키더블크런치1000,1000
롯데)크런키초코바1000,1000
롯데)가나다크밀크2000,2000
롯데)가나마일드2000,2000
롯데)가나밀크2000,2000
롯데)핵짱셔요콜라1000,1000
롯데)핵짱셔요후르츠1000,1000
롯데)목캔디1000,1000
롯데)목캔디믹스베리1000,1000
롯데)후라보노1000,1000
롯데)후라보노마일드1000,1000
롯데)후라보노아이스1000,1000
훼밀리)아폴로700,700
더스윗)틱톡꿀젤리흑당달고나,3000
더스윗)틱톡젤리딸기3000,3000
더스윗)틱톡젤리포도3000,3000
네슬레)프루팁스(대)3800,3800
네슬레)프루팁스리치맛(대)3800,3800
네슬레)킷캣청키프룻비스킷1200,1200
네슬레)프루팁스말랑베리믹스,1500
네슬레)프루팁스말랑오리지널,1500
네슬레)프루팁스말랑트로피컬,1500
네스퀵)초코웨하스1200,1200
마즈)M&MS크리스피1200,1200
마즈)이클립스스트로베리2500,2500
마즈)이클립스스피어민트2500,2500
마즈)이클립스페퍼민트2500,2500
마즈)이클립스피치2500,2500
마즈)스키틀즈사우워1000,1000
마즈)스키틀즈오리지널1000,1000
마즈)스키틀즈요거트1000,1000
마즈)트윅스탑싱글700,700
마즈)트윅스미니사이즈300,300
씨믹스)딸기머쉬멜로우1800,1800
씨믹스)바나나초코머쉬멜로우,1800
씨믹스)복숭아젤리필링머쉬멜로,1800
씨믹스)사과필링머쉬멜로우,1800
씨믹스)크런치구미멀티컬러베리,1800
씨믹스)크런치구미핑크베리1800,1800
씨믹스)계란후라이젤리2000,2000
씨믹스)핑크퐁상어가족젤리2000,2000
SM)팝핑껌1000,1000
SM)추억의달구나1500,1500
흥선)밀카칩스아호이2900,2900
흥선)초코스톤800,800
흥선)무지개젤리2400,2400
흥선)BBQ마쉬멜로우3000,3000
흥선)주사위캔디1200,1200
몬델리즈)호올스XS레몬민트,1500
몬델리즈)호올스XS멘토립투스,1500
몬델리즈)호올스XS후르츠믹스,1500
흥선)아이스붐딸기맛1500,1500
흥선)아이스붐레몬맛1500,1500
흥선)아이스붐복숭아맛1500,1500
흥선)아이스붐자몽맛1500,1500
동아)박카스맛젤리(신맛)1200,1200
동아)박카스맛젤리1200,1200
워헤즈)올믹스업1800,1800
워헤즈)익스트림사워캔디1800,1800
오리온)닥터유UP에너지껌4000,4000
오리온)닥터유UP클린껌4000,4000
고운벗)삼겹살모양젤리1200,1200
해태)연양갱(흑임자)900,900
해태)연양갱900,900
해태)자유시간들1500,1500
해태)자유시간골드1000,1000
해태)자유시간아몬드1000,1000
선우)톡톡딸기젤리1000,1000
선우)톡톡망고젤리1000,1000
선우)명인잣엿(가락엿)1200,1200
선우)과일모양톡톡젤리2800,2800
선우)톡톡젤리2500,2500
샘표)고추장고기볶음95G,3400
샘표)질러빠다간장쓰30G,4600
샘표)질러크레이지핫육포30G,4600
샘표)질러부드러운우육포30G,4400
남양)루카스9에스프레소라떼5T,2200
남양)프렌치카페카페믹스20T,4900
일신)트와이닝얼그레이25T,8900
일신)트와이닝클래식컬렉션20T,8900
팔도)틈새라면매운김치(대컵),1500
팔도)김치왕뚜껑(대컵),1250
팔도)짬뽕왕뚜껑(대컵),1250
키다리)세이면김치국수(대컵),2650
키다리)세이면비빔국수(대컵),2950
키다리)세이면잔치국수(대컵),2650
키다리)세이면짬뽕(대컵),2650
대상)미원라면(대컵),1700
진마이랑)사천식탄탄면(대컵),2000
삼양)비빔밀면(봉지),1200
농심)사천짜파게티(봉지),1250
농심)배홍동비빔면(봉지),1050
삼양)짜짜로니(대컵),1200
흥선)다크와플밀크크림45G,1300
삼경)크나버텅타투12G,2000
왕왕)밀크바삭볼60G,1500
왕왕)초코바삭볼60G,1500
아띠)댄케이크버터쿠키18G,800
아띠)댄케이크초코칩쿠키20G,800
해태)맛동산2000,2000
해태)신당동떡볶이(연탄불고기),1500
해태)신당동떡볶이110G,1500
해태)허니버터칩프로마쥬블랑60G,1500
해태)초코홈런볼46G,1700
해태)홈런볼그릭요거트46G,1700
해태)홈런볼커스타드크림46G,1700
삼진)맛능가루30G[D2],2500
삼진)볶음맛능가루30G[D2],2500
매일)셀렉스프로틴너츠바50G,1600
오리온)오!그래놀라바검은콩1200,1200
오리온)오!그래놀라바단호박1200,1200
오리온)오!그래놀라바무화과1200,1200
오리온)오!그래놀라바카카오1200,1200
동서)단백질바50G,1700
동서)오곡코코볼바25G,1200
동서)콘푸라이트베리요거트바27G,1200
해표)김이봉10G,1000
폰타나)스위트콘컵수프20G,1900
폰타나)어니언크림컵수프20G,1900
샘표)게살푸팟퐁커리170G,4750
샘표)스파이시마살라커리170G,4750
샘표)옐로마살라커리170G,4750
샘표)치킨마크니커리170G,4750
오뚜기)발아흑미밥210G(3입),6200
오뚜기)오곡밥210G(3입),6200
오뚜기)발아흑미밥210G,2400
오뚜기)오곡밥210G,2400
오뚜기)작은밥150G,1550
오뚜기)오뚜기큰밥300G,2600
오뚜기)오뚜기밥210G,1850
오뚜기)열떡볶이194G,3500
오뚜기)사골곰탕500G,1900
오뚜기)김치참치덮밥(컵밥),4500
오뚜기)매콤낙지덮밥(컵밥),4500
오뚜기)쇠고기미역국밥(컵밥),3900
오뚜기)제육덮밥(컵밥),4500
오뚜기)중화XO게살덮밥(컵밥),4500
오뚜기)차돌강된장보리밥(컵밥),4500
오뚜기)참치마요덮밥(컵밥),4500
오뚜기)톡톡김치알밥(컵밥),4500
유어스(P)황제컵밥(컵밥),4500
Y(P)을지로라면볶음밥(매운맛),3500
Y(P)을지로라면볶음밥(짜장맛),3500
샘표)유자폰즈딥소스270ML[D2],6200
샘표)청양초칠리딥소스270ML,6200
동원)양반명품김자반50G,3900
동원)양반김(들기름김)5G,600
동원)양반전통김17G,1500
동원)양반도가니설렁탕460G,7900
동원)양반소고기미역국460G,5900
동원)양반차돌육개장460G,5900
동원)양반전복큰죽404G,5200
동원)양반단호박죽285G,4500
동원)양반밤단팥죽285G,4500
동원)양반쇠고기죽285G,4500
동원)양반영양닭죽285G,4500
동원)양반참치죽285G,4500
유어스)양반전복죽285G,4500
아이배냇)곡물친구딸기8입,3900
아이배냇)곡물친구블루베리8입,3900
CJ)누룽지닭백숙죽280G,4500
CJ)비비고단호박죽280G,4500
CJ)비비고버섯야채죽280G,4500
CJ)비비고새우계란죽280G,4500
CJ)비비고소고기죽280G,4500
CJ)비비고전복죽280G,4500
CJ)비비고통단팥죽280G,4500
CJ)비비고흑임자죽280G,4500
CJ)비비고갈비탕400G,7200
CJ)비비고돼지고기김치찌개460G,7200
CJ)비비고스팸부대찌개460G,7200
CJ)비비고차돌된장찌개460G,7200
CJ)비비고소고기미역국500G,5400
CJ)비비고육개장500G,5400
CJ)비비고콩나물황태국500G,5400
CJ)BIG간장삼겹덮밥(컵밥),5400
CJ)BIG김치날치알밥(컵밥),5400
CJ)BIG김치삼겹덮밥(컵밥),5400
CJ)BIG스팸김치덮밥(컵밥),5400
CJ)BIG스팸마요덮밥(컵밥),5400
CJ)BIG치즈닭갈비덮밥(컵밥),5400
CJ)BIG치킨마요덮밥(컵밥),5400
CJ)햇반미역국밥(컵밥),4200
CJ)햇반사골곰탕국밥(컵밥),4200
CJ)햇반육개장국밥(컵밥),4200
CJ)햇반황태국밥(컵밥),4200
CJ)공화춘자장덮밥(컵밥),4800
CJ)공화춘짬뽕국밥(컵밥),4800
CJ)불짬뽕덮밥(컵밥),4800
CJ)스팸김치덮밥(컵밥),4800
CJ)스팸콘치즈덮밥(컵밥),4800
CJ)햇반강된장보리비빔밥(컵밥),4800
CJ)햇반김치날치알밥(컵밥),4800
CJ)햇반낙지콩나물비빔밥(컵밥),4800
CJ)햇반버터장조림비빔밥,4800
CJ)햇반불고기덮밥(컵밥),4800
CJ)햇반불닭마요덮밥(컵밥),4800
CJ)햇반스팸마요덮밥(컵밥),4800
CJ)햇반제육덮밥(컵밥),4800
CJ)햇반참치마요덮밥(컵밥),4800
CJ)햇반치킨마요덮밥(컵밥),4800
CJ)햇반(발아현미밥)210G,2800
CJ)햇반(오곡밥)210G,2800
CJ)햇반(찰잡곡밥)210G,2800
CJ)햇반(현미쌀밥)210G,2800
CJ)햇반(흑미밥)210G,2800
CJ)햇반매일잡곡밥210G,2800
CJ)햇반(원형)210G,2100
CJ)비비고소고기미역국300G,4500
CJ)비비고한우사골곰탕500G,3200
CJ)햇반200G(3입),5700
CJ)큰햇반300G,2900
에이스)초코퐁당도넛60G,1200
매일)바리스타그란데(라떼)475ML,2500
매일)바리스타그란데(아메)475ML,2500
일화)맥콜500ML,1900
티블링)레몬그라스진저500ML,2500
티블링)캐모마일피치500ML,2500
팜트리)블랙사파이어향스파클링,1300
팜트리)샤인머스캣향스파클링,1300
팜트리)궁중발효홍삼100ML,2200
남양)십칠차500ML,1600
남양)FC킬링샷라떼470ML,2500
남양)FC킬링샷아메리카노470ML,2500
매일)셀렉스프로틴드링크330ML,2900
매일)셀렉스프로틴복숭아330ML,2900
퓨워터)하이드로젠300ML(수소수),1500
종근당)락토조이오늘비움80ML,3800
유어스)하늘가득사과330ML,1800
유어스)하늘가득수박330ML,1800
유어스)하늘가득유자레몬330ML,1800
유어스)하늘가득자몽330ML,1800
정식품)베지밀검은콩팩190ML,1100
정식품)베지밀B검은콩병190ML,1500
정식품)베지밀A병190ML,1400
웅진)꿀홍삼180ML병,1400
웅진)아침햇살340ML,1600
웅진)초록매실340ML,1600
가야)알로에농장500ML,2000
유어스)샤인머스캣500ML,2000
웅진)티즐유자그린티500ML,2000
웅진)티즐피치우롱티500ML,2000
웅진)누룽지차500ML,1600
웅진)옥수수수염차500ML,1600
웅진)빅토리아레몬500ML,1500
웅진)빅토리아청포도500ML,1500
해태)평창수프리미엄500ML,950
코카)썬키스트레몬에이드350ML,1600
해태)갈배사이다PET500ML,2100
해태)갈아만든배500ML,2000
파워에이드)메가볼츠600ML,2100
파워에이드)퍼플스톰600ML,2100
조지아)고티카빈티지라떼270ML,2200
조지아)고티카빈티지블랙270ML,2200
조지아)고티카스위트아메270ML,2200
코카)환타파인애플슬림캔250ML,1300
코카)스프라이트캔250ML,1500
코카)태양의마테차500ML,1400
코카)태양의식후비법W차500ML,1800
현대)미에로화이바350ML,1900
광동)흑미차500ML,2000
광동)유자쌍화150ML,1500
광동)헛개파워100ML,5000
광동)비타민500콜라겐100ML,1000
광동)비타민D100ML,1000
광동)우엉차500ML,1600
광동)옥수수수염차1.0L,2200
광동)진한헛개차1L,2200
광동)비타500로열폴리스120ML,1500
OKF)그린스무디350ML,2000
OKF)옐로우스무디350ML,2000
OKF)알로에베라킹500ML,2000
동아)모닝케어D100ML,5000
동아)모닝케어H100ML,5000
종근당)속청쿨75ML,1000
한독)레디큐120ML,5000
HK)헛개수1L,2500
HK)헛개수500ML,2000
HK)헛개수340ML,1500
HK)컨디션100ML,5000
HK)컨디션레이디100ML,5000
농심)파워O2(오렌지레몬)500ML,2100
농심)백산수500ML,950
농심)백산수2L,1700
오리온)제주용암수530ML,1000
동서)마스터라떼500ML,2600
동서)마스터바닐라500ML,2600
동서)마스터블랙500ML,2600
동서)마스터스위트블랙500ML,2600
동서)콜롬비아나블랙240ML,1300
동서)콜롬비아나아메리카노240ML,1300
동서)콜롬비아나카페라떼240ML,1300
맥심)TOP더블랙380ML,3000
맥심)TOP마스터라떼380ML,3000
맥심)TOP스위트아메리카노380ML,3000
맥심)TOP스모키라떼275ML,2400
맥심)TOP스모키블랙275ML,2400
천지개벽)한라봉스파클링355ML,1300
팔도)뿌요소다소다245ML,1000
팔도)뿌요소다오렌지245ML,1000
팔도)뿌요소다파인애플245ML,1000
팔도)곰표밀식혜340ML,1500
진로)토닉워터제로300ML,1500
하이트)블랙보리520ML,1600
하이트)블랙보리라이트520ML,1600
동아)오란씨파인비타민C350ML,1400
동아)데자와로얄밀크티500ML,2200
동아)컨피던스병230ML,1500
동아)나랑드사이다제로500ML,2000
동아)오로나민C120ML,1200
유동커피)제주녹차500ML,2000
롯데)트레비라임500ML,1800
롯데)트레비레몬500ML,1800
롯데)트레비자몽500ML,1800
롯데)아이시스8.0(2.0L),1700
롯데)아이시스8.0(500ML),950
칸타타)콘트라베이스라떼PET500,2500
칸타타)콘트라베이스블랙PET500,2500
칸타타)콘트라베이스스윗PET500,2500
칸타타)땅콩크림라떼275ML,2200
칸타타)아메리카노275ML(NB캔),2200
칸타타)콜드브루블랙275ML(NB캔),2200
칸타타)프리미엄라떼275ML(NB캔),2200
롯데)칠성사이다플러스500ML,2500
롯데)핫식스더킹러쉬355ML,2200
롯데)핫식스더킹파워355ML,2200
롯데)핫식스더킹펀치355ML,2200
롯데)핫식스더킹포스355ML,2200
OKF)비타민C레몬스파클링500ML,2000
매그넘)민트바100ML,3900
매그넘)아몬드바100ML,3900
매그넘)클래식바110ML,3900
벤앤)초콜릿칩쿠키도우미니컵120,5000
벤앤)퍼지브라우니미니컵120ML,5000
크리넥스)KF-AD컴포트핏마스크,1100
로아카)가데나미니스초콜릿350,350
로아카)가데나미니스헤이즐넛350,350
로아카)다크초콜릿웨하스3800,3800
로아카)바닐라웨하스3800,3800
로아커)치즈웨하스110G,3800
Y)페이스4일회용면도기3입,4700
심플리쿡)갈릭감바스210G,7900
심플리쿡)바질감바스210G,7900
샤프란)핑크센세이션1L,3900
테크750G,5500
라엘)유기농순면커버대형12P,8500
쏘피)내몸에순한면라이너28P,4700
쏘피)볼록맞춤중형4P,1700
푸르밀)웰치사과에이드250ML,1500
푸르밀)웰치포도에이드250ML,1500
푸르밀)칼로바이초코250ML,2500
푸르밀)설빙인절미라떼250ML,2300
푸르밀)설빙흑임자라떼250ML,2300
푸르밀)카페베네카페라떼컵200ML,1800
푸르밀)카페베네카페모카컵200ML,1800
푸르밀)가나초코우유300ML,1650
푸르밀)검은콩우유300ML,1650
미성)맛있꾼먹태청양마요맛30G,3900
미성)맛있꾼먹태허니버터맛30G,3900
사조)365육포30G(구운),3800
사조)365육포30G(숯불바베큐),3800
사조)365육포30G(오리지널),3800
사조)살코기참치150G,3900
사조)살코기참치100G,2900
동원)리챔340G,7400
동원)리챔200G,5800
동원)리챔더블라이트200G,5800
동원)매운리챔200G,5800
동원)트러플리챔200G,5800
동원)리챔120G,3500
동원)큐브참치(고소로제)160G,5500
동원)큐브참치(매콤고추)160G,5500
동원)큐브참치(볼케이노)160G,5500
동원)고추참치150G,4000
동원)야채참치150G,4000
동원)상상리챔육포(스파이시)40G,5000
동원)상상리챔육포(오리지널)40G,5000
동원)상상육포40G(비프앤치즈),5900
동원)상상육포40G(안심),5900
동원)상상육포클래식40G,5900
신화)눈꽃먹태35G,5000
신화)철판구이오징어와땅콩75G,4500
신화)촉촉한버터구이오징어42G,4500
CJ)스팸340G,7800
CJ)스팸200G,5800
CJ)스팸25%라이트200G,5800
CJ)스팸120G,3800
CJ)맛밤80G,3500
진주)천하장사육포갈릭45G,4800
나이프라몽)전갱이포3500,3500
한성)일품도톰육포45G,5000
한성)일품쇠고기견과포35G,5000
머거본)새우몬드30G,2500
머거본)칼몬드35G,2500
머거본)군옥수수맛아몬드30G,1600
머거본)와사비맛아몬드30G,1600
머거본)허니버터아몬드30G,1600
TDF)건망고100G,4500
TDF)건파파야100G,4500
대상)레드페퍼매콤고추30G,3500
대상)치즈촘촘툼바치즈30G,3500
서주)허쉬민트웨하스63G,2000
서주)허쉬초코웨하스63G,2000
청우)참깨스틱2000,2000
농심)새우깡블랙80G,2000
농심)칩포테토오리지날60G,1600
프렌치프레첼,3000
하늘)영의정인절미볼60G,2000
미성)허쉬초콜릿칩모찌쿠키240G,5500
허쉬)민트크림샌드위치쿠키100G,2000
허쉬)초코크림샌드위치쿠키,2000
허쉬)초코팝콘50G,1500
하늘)스위스알파인호두케익75G,2500
프링글스)매운맛53G(소),1800
프링글스)양파53G(소),1800
프링글스)오리지날53G(소),1800
프링글스)매콤한맛(대),3700
프링글스)양파맛(대),3700
프링글스)오리지날(대),3700
프링글스)치즈맛(대),3700
던킨)커피에너지바30G,1200
던킨)프로틴에너지바30G,1200
오리온)참붕어빵4200,4200
오리온)마켓오오징어톡80G,1500
오리온)썬칩(갈릭바게트)1500,1500
오리온)썬칩1500,1500
오리온)닥터유에너지바호두40G,1200
오리온)왕고래밥볶음1200,1200
오리온)통크초코1200,1200
대상)맛소금팝콘55G,1500
삼양)불닭라면스낵800,800
삼양)삼양라면스낵90G,800
생미쉘)초코갈라떼121G,3500
동서)골든그래놀라밀크바1200,1200
동서)콘푸라이트밀크바1200,1200
동서)리츠레몬샌드96G,2000
리츠샌드위치크래커96G,2000
동서)오레오레드벨벳94G,1900
동서)오레오민트초코80G,1900
동서)오레오씬즈바닐라무스84G,1900
오레오)씬즈초코무스84G,1900
미성)에그롤스파이시(8입)280G,5600
미성)에그롤커리(8입)280G,5600
롯데)초단백질바1200,1200
롯데)초에너지바1200,1200
롯데)오잉1500,1500
롯데)오잉포차꾸잉칩60G,1500
롯데)쌀로별1500,1500
롯데)쌀로별진짜새우65G,1500
롯데)치토스(매콤달콤)1500,1500
롯데)치토스스모키바베큐1500,1500
롯데)꼬깔콘(매콤달콤)1500,1500
롯데)꼬깔콘고소한맛1500,1500
롯데)꼬깔콘군옥수수1500,1500
롯데)카스타드오리지날138G,3500
롯데)마가렛트1500,1500
롯데)칸쵸컵2000,2000
롯데)몬스터칙촉(쇼콜라)1200,1200
롯데)꼬깔콘빼빼로1500,1500
롯데)누드빼빼로1500,1500
롯데)아몬드빼빼로1500,1500
롯데)초코빼빼로1500,1500
롯데)크런키빼빼로1500,1500
에이스)감자알칩42G,1200
에이스)감자알칩치즈마요맛42G,1200
에이스)서울시스터즈김치스낵90G,1500
크라운)빅파이3200,3200
크라운)산도(딸기)161G,2500
크라운)오트하임3300,3300
크라운)초코하임3300,3300
크라운)화이트하임3300,3300
크라운)카라멜&땅콩1200,1200
크라운)콘초코1200,1200
크라운)콘치즈1200,1200
크라운)뽀로로야채귀리65G,1500
크라운)츄러스애플시나몬84G,1500
크라운)콘칩핫멕시칸70G,1500
유어스(P)2가지치즈소시지100G,1900
유어스(P)정통프랑크소시지100G,1900
맥심)TOP심플리스무스라떼240ML,1900
맥심TOP)스위트아메리카노240ML,1900
맥심TOP)심플리스무스블랙240ML,1900
맥심)TOP너티카라멜라떼300ML,2400
맥심)TOP마일드라떼300ML(컵),2400
맥심)TOP볼드라떼300ML(컵),2400
맥심)TOP에스프레소라떼300ML,2400
페브리즈)비치형(화장실용),9500
페브리즈)화장실비치형(라벤더),9500
리스테린)쿨민트250ML,4300
리스테린)쿨민트100ML,2100
리스테린)쿨민트마일드100ML,2100
가그린)라임100ML,1900
가그린)오리지널100ML,1900
가그린)제로100ML,1900
에어닥터)일회용소형마스크(7입),6000
세이프크린)KF94방역마스크(5입),12000
리뉴)멀티플러스120ML,3000
리뉴)바이오트루여행세트60ML,3500
페리오휴대용치약칫솔세트,3500
페리오)덴탈쿨링마우스스프레이,3500
라벨리)레드멜론빙수280ML,3000
라벨리)수박화채빙수280ML,3000
라벨리)인절미빙수280ML,3000
라벨리)팥빙수280ML,3000
사세)버팔로윙봉220G,5900
순수향)한입갈비만두180G,2800
대상)안주야양념벌집껍데기160G,7900
대상)안주야직화무뼈닭발160G,8900
대상)안주야직화불막창160G,8900
종가집)맛김치80G,1300
종가집)맛김치130G,2100
종가집)볶음김치80G,1600
종가집)맛김치200G,2900
삼립)페스츄리불고기피자,2500
삼립)페스츄리콤비네이션피자,2500
삼립)페스츄리트러플머쉬룸피자,2500
삼립)페스츄리후랑크소시지피자,2500
삼립)생치즈피자불고기,2700
삼립)생치즈피자콤비네이션,2700
대림)한입피자고르곤졸라80G,1900
대림)한입피자콤비네이션80G,1900
롯데)빅핫도그140G,2800
오뚜기)직화닭발150G,9500
오뚜기)딤섬새우슈마이135G,3600
오뚜기)새우볶음밥230G,4300
오뚜기)참치김치치즈볶음밥230G,4300
오뚜기)철판감자탕볶음밥230G,4300
오뚜기)불고기피자UNO180G,5500
오뚜기)콤비네이션피자UNO195G,5500
오뚜기)컵피자콤비네이션,3800
CJ)워터젤리복숭아170ML,2000
CJ)워터젤리포도170ML,2000
CJ)비비고김치400G,5200
CJ)비비고김치볶음150G,2700
CJ)비비고김치볶음80G,1600
CJ)비비고썰은배추김치60G,1100
스모크치킨오리지널190G,4900
미니언즈계란2입+케이스(구운란),4900
미니언즈계란2입+케이스(반숙),4900
삼립)하이면고기국수196G,3800
삼립)하이면장칼국수206G,3800
CJ)스팸김치볶음밥220G,3500
CJ)스팸볶음밥220G,3500
CJ)고메치킨고추크런치180G,5400
CJ)숯불향닭강정200G,5400
CJ)숯불향바베큐바280G,5400
CJ)비비고수제만두고기200G,4000
CJ)비비고수제만두김치200G,4000
CJ)비비고찐만두168G,4000
CJ)비비고찐만두청양고추168G,4000
라베스트)갤러초코콘160ML,2500
라베스트)그릭요거콘160ML,2500
라베스트)리치치즈케이크콘,2500
라베스트)민트초코콘,2500
라벨리)초떡초떡140ML,2500
롯데푸드)라베스트커피플로트콘,2500
제주에어)제주녹차초코소프트콘,2500
허쉬)라이트초코앤바닐라콘150ML,2500
허쉬)스쿱바닐라아이스크림120ML,2500
허쉬)스쿱초코아이스크림120ML,2500
허쉬)초코앤쿠키콘,2500
로투스)비스코프바90ML,2200
로투스)에스프레소마끼야또바,2200
롯데푸드)라베스트커피플로트바,2200
빙)끌레도르쿠키앤크림바90ML,2200
빙그레)끌레도르쿠키앤초코90ML,2200
빙그레)끌레도르피스타치오바,2200
허쉬)녹차초코바90ML,2200
허쉬)초코바,2200
허쉬)초코크런치레몬바90ML,2200
허쉬)쿠키앤크림바,2200
허쉬)토피넛초코바,2200
디핀다트)우도땅콘,2000
해태)부라보콘스트로베리150ML,2000
네츄럴코어)치킨&연어200G,3900
유어스)세이퓨볼펜0.7(검정),1300
유어스)세이퓨보드마카,1100
유어스)세이퓨네임펜,1100
유어스)동물농장애견사료(연어),4800
유어스)동물농장애견사료(닭고기,4400
동물농장)리얼치즈고구마80G,3500
동물농장)덴탈조인트껌4P(64G),5500
동물농장)프로바이오틱껌블루베,3500
동물농장)프로바이오틱크렌베리,3500
동물농장)캣소프트져키닭가슴살,3500
동물농장)캣스틱닭가슴살&연어,3500
동물농장)캣스틱닭가슴살&참치,3500
동물농장)군고구마스낵40G,3900
동물농장)돼지귀슬라이스35G,4500
동물농장)한우콜라겐껌35G,3900
유어스)동물농장황태슬라이스,3300
유어스)동물농장애묘습식(멸치),1500
유어스)동물농장애묘습식(참치),1500
더리얼)크리미DOG오리&닭가슴살,3300
그르르)고구마오리말이80G,3900
그르르)고구마치킨말이80G,3900
그르르)닭가슴살스틱80G,3900
비타크래프트)베지빗츠40G,4000
비타크래프트)점퍼덴탈껌M,7000
비타크래프트)점퍼덴탈껌S,7000
골드로니)순살스틱4P(닭가슴살),3600
골드로니)순살스틱4P(연어),3600
골드로니)순살스틱4P(오리안심),3600
그르르)닭가슴살22G(오리지날),1000
밥이보약)DOG건강쿠키관절튼튼,4200
밥이보약)DOG건강쿠키눈이반짝,4200
하림)애견간식건강볼(관절),2800
하림)애견간식건강볼(피부),2800
캣차우1.5KG(고양이용),14900
동원)뉴트리플랜흰살참치와멸치,1500
동원)뉴트리플랜흰살참치와치즈,1500
동원)애묘캔-흰살참치와닭가슴살,1500
동원)애묘파우치(참치와연어)80G,1500
마이베프)이빨은원래하얗츄10P,9900
뉴트리스틱)참치&닭가슴살14G*4,3000
뉴트리스틱)참치&연어14G*4,3000
뉴트리스틱)참치14G*4,3000
구르메)올리브8포션치즈140G,3900
구르메)크리미8포션치즈140G,3900
구르메)이즈니포션버터10G*8입,5500
구르메)엠보그트라이앵글치즈140,4900
구르메)스모크치즈디스크100G,3900
파)쾌변(골드키위)150ML,1700
파)쾌변요구르트(사과)150ML,1700
LIF)옥수수밀크180ML,1100
랩노쉬)드링크감자&솔티드카라멜,2200
랩노쉬)드링크고구마&펌킨,2200
남양)초콜릿드링크초코에몽250ML,1400
남양)맛있는우유GT딸기300ML,1600
남양)맛있는우유GT초코300ML,1600
남양)맛있는우유GT커피300ML,1600
남양)불가리스FIT딸기200ML,1900
남양)불가리스FIT플레인200ML,1900
남양)루카스라떼250ML,2200
남양)루카스아메리카노250ML,2200
남양)프렌치몽블랑라떼320ML,2700
남양)프렌치슈크림라떼320ML,2700
남양)프렌치카페(카페오레),1700
남양)프렌치카페(카푸치노),1700
남양)프렌치카페카라멜마키아또,1700
롯데)제주말차라떼240ML,2200
칸타타)라떼홀릭바닐라라떼240ML,2200
칸타타)라떼홀릭카페라떼240ML,2200
롯데)오가닉레드비트&배&토마토,1400
롯데)오가닉사과&당근125ML,1400
롯데)오가닉적포도&보라당근,1400
다논)요거톡스타볼133G,1400
다논)요거톡초코그래놀라130G,1400
다논)액티비아업딸기210ML,2000
다논)액티비아업복숭아210ML,2000
다논)액티비아업플레인210ML,2000
서울)스페셜티마일드250ML,2200
서울)스페셜티카페라떼250ML,2200
서울)강릉커피너티크림라떼250ML,2500
서울)강릉커피라떼250ML,2500
서울)비요뜨(링크)138G,1500
서울)비요뜨(초코링),1500
서울)비요뜨(초코크리스피)142G,1500
서울)비요뜨(초코팝)143G,1500
서울)비요뜨(쿠키앤크림)136G,1500
서울)비요뜨(크런치볼),1500
서울)아침에주스오렌지210ML,1200
서울)과즙이풍부한딸기우유220ML,2000
유어스)마블야쿠르트그랜드450ML,1900
Y)야쿠르트그랜드라이트280ML,1400
Y)야쿠르트그랜드샤인머스캣280,1400
유어스)야쿠르트그랜드딸기280ML,1400
동원)네스퀵초코180ML,1200
덴마크)오리진돌체라떼250ML,2200
덴마크)오리진카페라떼250ML,2200
덴마크)오리진토피넛라떼250ML,2200
덴마크)인포켓치즈썸(2개입)40G,2200
덴마크)인포켓치즈20G,1400
덴마크)인포켓치즈라이트20G,1400
덴마크)슈레드피자치즈25G,1100
갓생기획)노티드라즈베리밀크,1500
갓생기획)노티드바나나밀크300ML,1500
갓생기획)노티드바닐라밀크300ML,1500
덴마크)요거밀왕초코링134G,1500
덴마크)얼라이브망고250ML,1500
덴마크)얼라이브머스캣청포도250,1500
덴마크)얼라이브블러드오렌지250,1500
덴마크)얼라이브스위티자몽250ML,1500
덴마크)딸기딸기우유300ML,1650
덴마크)민트초코우유310ML,1650
덴마크)초코초코우유300ML,1650
덴마크)카페라떼(민트),1650
덴마크)커피커피우유300ML,1650
유어스(P)버터커피250ML,2500
유어스)타이거슈가흑당밀크티300,2500
유어스)타이거슈가흑당카페라떼,2500
덴마크)콩카페연유라떼250ML,2200
덴마크)콩카페코코넛라떼250ML,2200
빙그레)통모짜스트링치즈18G,1200
유어스)오늘의과일야채ABC190ML,1200
유어스)오늘의과일야채사과190ML,1200
유어스)오늘의과일야채포도190ML,1200
빙그레)요플레프로틴맥스210ML,3200
빙그레)프로틴딸기바나나210ML,2900
빙그레)프로틴플레인210ML,2900
빙그레)닥터캡슐베리믹스130ML,1900
빙그레)닥터캡슐사과130ML,1900
빙그레)닥터캡슐프로텍트130ML,1900
빙그레)스페셜티컵마끼아또300ML,2500
빙그레)스페셜티컵바닐라라떼300,2500
빙그레)꿀맛우유240ML,1500
빙그레)바닐라맛우유240ML,1500
매일)바이오드링킹딸기250ML,2000
매일)바이오드링킹블루베리250ML,2000
매일)바이오드링킹플레인250ML,2000
매일)엔요280ML,1400
매일)바이오알로에요거트120G,1500
유어스)달고나라떼250ML,2000
매일)상하미니칼슘체다치즈48G,2200
매일)상하미니크림치즈48G,2200
매일)과일야채샐러드레드190ML,1800
매일)과일야채샐러드퍼플190ML,1800
유어스)피크닉컵사과190ML,1800
매일)우유속에딸기과즙우유300ML,1650
매일)커피속에모카치노300ML,1650
매일)바리스타바닐라빈라떼325ML,2700
매일)바리스타쇼콜라모카325ML,2700
매일)바리스타콜드브루블랙325ML,2700
매일)바리스타플라넬드립라떼325,2700
매일)바리스타로슈거에스프레소,2200
매일)바리스타모카프레소250ML,2200
매일)바리스타스모키250ML,2200
매일)바리스타에스프레소라떼250,2200
매일)바리스타카라멜프레소250ML,2200
삼립)육즙가득부어스트140G,3200
대림)한입에꼬치다(매운맛)100G,2300
대림)한입에꼬치다100G,2300
대림)블랙페퍼직화닭가슴살115G,3500
대림)랍스터킹128G,3600
대림)치즈쏙크라비아60G,2200
대림)비엔나에꼬치다90G,2500
대림)양꼬치맛에꼬치다100G,2500
진주)천하장사BIG70G,2200
리치)숯불구이맛닭가슴살소시지,2000
갓생)와사비소스에빠진크래미,2800
한성)숯불구이맛후랑크70G,1700
한성)몬스터크랩72G,2000
동원)그릴리직화비엔나핫바80G,2500
동원)극한직화후랑크70G,2500
동원)극한직화후랑크치즈70G,2500
풀무원)고단백두부바60G,2500
CJ)닭가슴살스테이크100G,3300
CJ)맥스봉치즈70G,2200
CJ)맥스봉오리지널50G,1900
CJ)닭가슴살소시지(청양)80G,2300
CJ)닭가슴살소시지80G,2300
CJ)닭가슴살한입큐브80G,2300
CJ)맥스봉갈릭후랑크80G,2300
CJ)맥스봉숯불구이맛핫바90G,2300
CJ)맥스봉청양고추후랑크80G,2300
CJ)직화구이꼬치바90G,2300
롯데)의성마늘빅프랑크90G,2200
롯데)의성마늘프랑크70G(2입),3600
롯데)에센뽀득프랑크70G,2000
에너자이저리튬CR20164입,7000
에너자이저리튬CR20254입,7000
에너자이저리튬CR20324입,7000
벡셀)알카라인AA6+2입,7900
벡셀)알카라인AAA6+2입,7900
벡셀)고성능알카라인AA2입,3700
벡셀)고성능알카라인AAA2입,3700
에너자이저)알카라인AA2+1입,3800
에너자이저)알카라인AAA2+1입,3800
니베아)데오드란트60ML엑스트라,7500
니베아)립케어모이스춰,4100
갸스비)셋앤킵스프레이67ML,4000
갸스비)매트&하드스프레이200ML,8500
갸스비)수퍼하드스타일링젤200G,5500
포인트)올인원클렌징티슈20P,2700
뉴트로지나)딥클린포밍클렌100G,8900
존슨즈)베이비오일125ML,6000
존슨즈베이비핑크로션100ML,6000
갸스비)스파이키왁스80G,9800
