category,titles
정치,통일부 "北김일성 110회 생일, 내부 축제 형식 기념"
IT,"무야호~"이은 '무도 레전드'도 NFT로..팬심 충전하는 'N터사업'
국제,코로나에 얼어붙은 中부동산..건설사들 "돈줄 마른다"
사회,민주당, 나주·무안·장성 현역 단체장 공천배제..20곳 경선
경제,이창용 "한·미 기준금리 역전 가능성..부작용은 감내해야"
정치,유승민, 경선 앞두고 당심 호소 "마음 푸시고 마지막 기회 달라"
사회,"안전한 골목 만들어주세요"..전북자치경찰에 정책 제안 60건
경제,국산·표준화 모두 잡은 '알짜' 열차제어기술..전라선 도입 '결실'[新교통 이끈다]
국제,우크라發 애그플레이션..'퍼펙트 스톰'을 부르다
경제,"상속·증여세 이렇게 대응하세요"..승계작업 끝판왕 오너 3세 [김익환의 컴퍼니워치]
사회,이창용 "'알박기 인사 논란' 답변 곤란, 전문성 판단해달라"
사회,오미크론 변이 'XE'·'XM' 국내 첫 확인, 정부 "역학조사 진행 중"
경제,명동 아닌 스마트폰..온라인으로 옮겨간 1등상권
경제,신한카드, 부정사용 이슈로 금감원 조사 받아..피해자들 "피싱, 스미싱때문이라는 사측 해명 이해 안 가" 반발
사회,해남·완도 농경지 213ha 상습 침수 피해 벗어난다
정치,김동연, 한덕수에 "대형 로펌서 전관예우..옳지 않아"
정치,통일부 "北, 금강산 시설 철거 작업 진행..면밀히 주시"
정치,우크라, 22년전 피격 똑같이 되갚았다..모스크바함 침몰 영상
경제,탈원전에 원전 전문가도 증발..한수원서만 '671명' 나갔다
경제,서울시, 교통약자 이동편의 높인다.."3년내 1역사 1동선 달성"
