,title,summary
0,불손한 친구들,"일상, 개그툰"
1,우주동물원,우주동물원
2,1년 동안 잘 부탁해!,우당탕탕 기숙학교!
3,주식왕고양,주식유튜버 고등학생
4,[일상 로맨스] 그냥 선생님,선생님의 일상로맨스
5,환영의 끝,환영을 깨닫다
6,눈사람사람,사람이 되고 싶어?
7,오늘부터 이세계 아이돌,도전! 이세계아이돌
8,어쩌다 주짓수,어쩌다 주짓수 코치
9,LOST & FOUND,네 마음이 보여!
10,죽어도 좋아해요,유령여중생연애
11,미스터리 록앤 시트러스,락하고 싶어요
12,나는 0대생,공대생 일상툰
13,봄이와,육아 빙자 인생만화
14,클러치샷,길거리 농구 만화
15,하루땃따,시트콤 같은 일상툰
16,드림캐처,악몽 vs 드림캐처
17,학교가는 고등어,요즘애들이란 이상해
18,그 냉장고 안에서는,냉장고 속에서
19,막내는 다 알아요!,다섯 가족의 일상
20,마녀의 키스,마녀와 소년 이야기
21,게으른 고양이의 soso한 카페이야기,카페운영일상툰
22,꿈에서 만나요,꿈에서 하는 연애
23,김작가의 오춘기 그림일기,오춘기를 앓고있어요
24,궁궐의 맛,장금이와백종원의만남
25,원더키퍼,너를 지키는
26,오늘의 후기,매일 살아가는 후기
27,지극히 평범한 생활,!! 일상툰 !!
28,베텔게우스,별과 시간과 사람
29,악마법소녀,마법과 내뱉은 말
30,다이브,미스터리 성장물
31,집순이네 집밥,집에서 먹는 음식
32,나의 여름방학,영수의 여름방학
33,홈 스윗 홈,네식구 사는 이야기
34,오늘의 난,"오늘의 난, 난그림"
35,말의 씨앗을 보는 아이,말이 씨가 된다.
36,드라코 하트 (Drache Heart),몬스터 레벨업스토리
37,분쇄게이트,게이트를 부순다
38,"나랑, 아니면",시아와 하루이야기
39,축복의 비나리,축복을 위한 여정
40,줄을 끊는 인형,나를 찾고 싶어
41,겨울살이,집순이웹망생의 일상
42,김치걸 x 밀크티보이,한국여자+홍콩남자
43,미필은 노하이,대한군필 만세!!
44,아빠는 N살,아빠 4컷 그림일기
45,산군대잔치,강아지 산군의 일상
46,스물마흔다섯 살,마흔이 되어버렸는걸
47,나태한 마왕은 신과 싸우기로 결심한다.,신앙과 신념의 싸움
48,눈을 떴을 때,이세계 액션 판타지
49,박터틀 컴퍼니,뮤지션들의 일상툰!
50,태풍의 빈티지샵,깡패 잡는 사장님
51,팬 건 네가 처음,여우와 소년의 격돌
52,안녕오존,오존의 일상개그툰!
53,세상은 그대를 중심으로,운명의 중심 호인
54,내가 누구냐 묻거든,내 몸 돌려줘
55,사람이라호,사람일까요
56,루저들의 산티아고,여행포토툰
57,클로지오,기억조각모음
58,살귀,살인귀들
59,좌충우돌 미대생존기,미대생의 일상
60,나를 위한 봄,일상학원로맨스
61,오늘부터 G.A.B님과 함께 살게 되었습니다,"이 보안만화,웃기다"
62,내일은 낯선 행성을 걷는다,밤 9시의 산책
63,노른자들,늘 혼자들의 이야기
64,거울 속 정원,거울 속 정원
65,너만 바라 봄,캠퍼스 로맨스
66,너구리네 육아일기,육아일기
67,오디네리 피플,"우리집, 당신집, 누군가의 집. 그저 평범한 가족이야기!"
68,로로의 일본생활 다이어리,일본 먹부림 일기
69,배반을 모르는 푸른 꽃을 위하여,로맨스 판타지
70,외국 in 한국,영국인의한국생활
71,여자가 좋아,서큐버스 이야기
72,던전 헌터 그 녀석들,던전의 기묘한 헌터
73,원포인트,배구를통한성장드라마
74,유산은 처음이라,또 유산입니다
75,기후위기인간,지구와나의 연결고리
76,종말 본능,종말 속 괴물 소년
77,울면안돼!,내가미래의악당?
78,가족입니다.,가족 이야기
79,이프위,불과 물의 연애
80,모호담,스릴러 단편집
81,낭랑 18세,남자가 꼬인다?
82,김네몽로그,그 김네몽 맞아요!
83,모험가 용역 장씨,모험가가 된 일용직
84,육아도 경력이 될 수 있다면,육아 에세이툰
85,소환진이 좀 이상해 보이는 건 기분 탓이겠지,판타지!
86,바프일기,바디프로필 도전일지
87,고고고,집사가 되어라!!!
88,굥이의 하루,굥이의 하루
89,좋은 꿈 꿔,꿈으로 시작된 사랑
90,CMYK,의식의 흐름 만화
91,과학고 생존일지,과학고에 간 문과생
92,집에서 뒹굴뒹굴,집에서 애둘 키우기
93,핫캣일기,느긋한 열정 고양이
94,도개걸윷모,구해야한다.
95,일상견문록,여러나라 일상이야기
96,별을 향해,별 여행 이야기
97,꿀꾸리? 꿈꾸리!,중학생 꾸리일기-
98,사탄대출,"무이자, 당일대출"
99,"나는 오늘, 퇴사를 하였다.","퇴사, 이후 이야기"
100,황녀의 기사,판타지 드라마
101,물고기로 살아남기!,신개념 게임 판타지
102,마피아게임에 어서오세요,살인 마피아게임
103,무왕탑,놀고 싶은 마왕
104,매그니피센트,위대한 우리들
105,꼬밍 베이커리,"소원의 빵, 꼬밍"
106,고막남친,순정코믹 학원성장물
107,카르엘,인어와 칼과 흉터
108,후손들의 이야기,SF
109,누나미워!,누나와 동생의 일상
110,파운드캣,식빵을 닮은 고양이
111,THE,자신을 찾을 이야기
112,제목이 7080 만화,7080 이야기
113,자작 보드게임 동아리,자작 보드게임 만화
114,너로 인해 꿈을 꾼다,날죽이는 그녀는..
115,좀비다이어리,격리구역 탈출기
116,하나의 시간,특이한 고양이 하나
117,띵동! 도토리에요,너튜브하는 마법사
118,난편하다,주인공의 성장스토리
119,죽 쑨 만화,아싸 대학생의 일상
120,옆집에 그녀가 산다,옆집의 특별한그녀!
121,가족이되는과정,아기천사가 찾아왔다
122,북한의 아이,복희의 성장 스토리
123,"어게인, 아린!",잔혹동화 판타지
124,해체부대,요즘 군대 이야기
125,국밥소녀,국밥에 미친 소녀
126,실험학교,변형자들의 학교
127,158동 진상부부,부부의 진짜 일상
128,중딩의 학교생활,중학생의 일상
129,너의 뒤에서,사랑따위...
130,이상낙원,마법 학원 판타지
131,우당탕 입큰이,입만 살았네
132,해골 잭,다크판타지 소년만화
133,soso한 보통의,보통의 일상들
134,두리안은 과일이 아니야!,두리안이 나타났다!
135,백일몽화원,매력세계관 판타지
136,정의를 위한 나라,소년모험판타지
137,옥탑방 고양이,어쩌다 동거
138,살아서 만납시다,PTSD일기
139,사자머리와호깜대,뻔뻔한 냥이들의일상
140,이래봬도2학년,초등학교 이야기!
141,좀비탈출록 좀순,좀비 탈출 시트콤
142,저주라는이름의축복,← 키안 (♂)
143,[BL] HOLY JUNK,두 사람의 삶
144,뱀파이어의 연금술,연금술사와 뱀파이어
145,가스맨,엥 내가 히어로?
146,삼자대면,세 쌍둥이의 일상!
147,일상과 망상,망상 속 블랙코미디
148,원래부터 아무것도 없었던 세계,시리어스 메타픽션물
149,그때로 돌아갈 수 있다면,추리 범죄 스릴러
150,푸들가족,날리부루스윌리스
151,자퇴생은 그림 그려,자퇴생 일상툰
152,방구석수필,실화 단편 에피소드
153,예수쟁이 다이어리,예수쟁이의 일상
154,발버둥치다,우울증 이야기
155,덩키파티,어떻게 살아야 될까
156,한지붕 새가족,꿀잼 가족 시트콤!
157,조폭소녀,개그 스릴러
158,카오스이론,오브젝트헤드 판타지
159,테일 오브 빌런,동화속악당의 이야기
160,24시간,살인마를피해탈출하라
161,우리집 강아지는 복슬강아지,댕댕이와의 일상:3
162,버츄얼 이온,버튜버가 된 소녀
163,코실룩코실룩,토끼는 마성의 동물
164,남편봇과 사는법,로봇같은남편과 살기
165,오늘도 분홍했분홍,일상툰
166,기억 속 너에게,판타지 성장물
167,아틀레냐 비바체,치유계 개판물
168,녹는점,지구온난화
169,다시 한 번 리유스!,두번째 청춘
170,불쌍한놈,죽지 않는 소년
171,하루한끼 감정일기 시즌2,아기자기힐링 음식툰
172,너는 나의 2%,소꿉친구 병맛로맨스
173,나만 모르는 이야기,혼자인사람들의이야기
174,얘! 알바야,편의점 알바 일상
175,생각보다 잘 자랐습니다,가정폭력 그후10년
176,힐러인데 마왕!?,세계관 최강 힐러
177,나의 대주주가 되어주오,소꿉친구와 재회
178,별새의 여행자,소녀의 우주여행기
179,졸렬☆다이나믹,우당탕탕 블랙코미디
180,Baby Boy Brother,연하남연애시뮬레이션
181,"스물 다섯, 어디로 가야 하죠?",솔직한 나의 일상
182,휴르르의 개그만화 (러시아워),해외창업개그만화
183,렌즈빨 홍석순,혹시 내 눈 예뻐?
184,어둠의 일상툰,어둠의 일상
185,도둑잡기,학교에 도둑이 있다
186,시카 단편선,여러가지 단편들
187,육식 토끼,소심 토끼 반항기
188,눈치없는 내 친구!,청춘 캠퍼스 개그물
189,딴 짓이 제일 재밌어,딴 짓 찾아 놀기
190,나는 마요 집사로소이다,쉽지 않은 집사생활
191,흑월의기사,괴물과 괴물사냥꾼
192,용사 성장 프로젝트,용사 키우는 마왕
193,그대 손에 물든 초록,세 명의 워맨스
194,어시스턴트입니다,어시스턴트의 일상
195,이데아 프로젝트,능력자 판타지
196,새벽녘 그늘에 피어난,어우러지는
197,소심인사회,소심인사회
198,나의 애니메이터 이야기,나는 애니메이터
199,곰팡남녀,보통의 경계
200,"알고 싶니 마음, #심리툰 by 팔호광장",알고싶니 마음
201,재테크는 스크루지,초보자용 재테크웹툰
202,발푸르기스의 너머,신과 악마의 내기
203,도깨비 부른다,잡귀들의 싸움
204,제제와 함께,장애아이와 형제
205,영주,영주 이야기
206,달토끼,달에서 온 무언가
207,틈,틈을파고드는 이야기
208,수누로그,수누의 기록
209,여신님의 키링남은 불로불사!?,여 키 불
210,하프타임 바운스,인생의 절반으로
211,집순이에 대하여,집순이들의 일상
212,신과의 대화,즐거운 이야기
213,말레이시아 리스키씨,말레이시아 교민일기
214,자고싶어,꿈에서 만난 너
215,하나리즈,레즈비언 커플이야기
